Reporting_Period,County,Facility_Name,Longitude ,Latitude,Number_of_Incarcerated_in_the_Facility,Total_Number_Tested,Total_Confirmed_Positive,Confirmed_at_Intake_(Optional),Confirmed_in_First_14 Days_(Optional),Confirmed_In_Custody_(Optional),Hospitalized,Estimated_Resolved,Deaths,Additional_Information_(Optional),Staff_Tested,Staff_Confirmed_Positive,Staff_Resolved,Additional_County_Information
07/25/20,Los Angeles,LA Century Reg. Det. Facility,33.92846578,-118.2266022,"1,183",U,<11,U,U,U,U,U,0,*Inmate Deaths- Number reported denotes COVID 19 positive at time of death,,,,
08/01/20,Los Angeles,LA Century Reg. Det. Facility,33.92846578,-118.2266022,"1,214",U,<11,U,U,U,U,U,0,,,,,
08/08/20,Los Angeles,LA Century Reg. Det. Facility,33.92846578,-118.2266022,"1,249",126,<11,U,U,U,U,U,0,,,,,
08/15/20,Los Angeles,LA Century Reg. Det. Facility,33.92846578,-118.2266022,"1,248",107,<11,U,U,U,U,U,0,,,,,
08/22/20,Los Angeles,LA Century Reg. Det. Facility,33.92846578,-118.2266022,"1,248",125,<11,U,U,U,U,U,0,,,,,
08/29/20,Los Angeles,LA Century Reg. Det. Facility,33.92846578,-118.2266022,"1,268",125,0,U,U,U,U,U,0,,,,,
09/05/20,Los Angeles,LA Century Reg. Det. Facility,33.92846578,-118.2266022,"1,278",108,0,U,U,U,U,U,0,,,,,
09/12/20,Los Angeles,LA Century Reg. Det. Facility,33.92846578,-118.2266022,"1,294",131,<11,U,U,U,U,U,0,,,,,
09/19/20,Los Angeles,LA Century Reg. Det. Facility,33.92846578,-118.2266022,"1,298",116,<11,U,U,U,U,U,0,,,,,
09/26/20,Los Angeles,LA Century Reg. Det. Facility,33.92846578,-118.2266022,"1,325",146,0,U,U,U,U,U,0,,,,,
10/03/20,Los Angeles,LA Century Reg. Det. Facility,33.92846578,-118.2266022,"1,317",161,<11,U,U,U,U,U,0,,,,,
10/10/20,Los Angeles,LA Century Reg. Det. Facility,33.92846578,-118.2266022,"1,314",173,<11,U,U,U,U,U,0,,,,,
10/17/20,Los Angeles,LA Century Reg. Det. Facility,33.92846578,-118.2266022,"1,354",151,<11,U,U,U,U,U,0,,,,,
10/24/20,Los Angeles,LA Century Reg. Det. Facility,33.92846578,-118.2266022,"1,362",191,<11,U,U,U,U,U,0,,,,,
10/31/20,Los Angeles,LA Century Reg. Det. Facility,33.92846578,-118.2266022,"1,389",125,<11,U,U,U,U,U,0,,,,,
11/07/20,Los Angeles,LA Century Reg. Det. Facility,33.92846578,-118.2266022,"1,398",152,<11,U,U,U,U,U,0,,,,,
11/14/20,Los Angeles,LA Century Reg. Det. Facility,33.92846578,-118.2266022,"1,418",127,<11,U,U,U,U,U,0,,,,,
11/21/20,Los Angeles,LA Century Reg. Det. Facility,33.92846578,-118.2266022,"1,426",148,<11,U,U,U,U,U,0,,,,,
11/28/20,Los Angeles,LA Century Reg. Det. Facility,33.92846578,-118.2266022,"1,423",106,<11,U,U,U,U,U,<11,,,,,
12/05/20,Los Angeles,LA Century Reg. Det. Facility,33.92846578,-118.2266022,"1,441",135,14,U,U,U,U,U,0,,,,,
12/12/20,Los Angeles,LA Century Reg. Det. Facility,33.92846578,-118.2266022,"1,423",135,26,U,U,U,U,U,0,,,,,
12/19/20,Los Angeles,LA Century Reg. Det. Facility,33.92846578,-118.2266022,"1,373",202,44,U,U,U,U,U,0,,,,,
12/26/20,Los Angeles,LA Century Reg. Det. Facility,33.92846578,-118.2266022,"1,375",158,13,U,U,U,U,U,0,,,,,
01/02/21,Los Angeles,LA Century Reg. Det. Facility,33.92846578,-118.2266022,"1,378",135,14,U,U,U,U,U,0,,,,,
01/09/21,Los Angeles,LA Century Reg. Det. Facility,33.92846578,-118.2266022,"1,377",165,<11,U,U,U,U,U,0,,,,,
01/16/21,Los Angeles,LA Century Reg. Det. Facility,33.92846578,-118.2266022,"1,363",123,<11,U,U,U,U,U,0,,,,,
01/23/21,Los Angeles,LA Century Reg. Det. Facility,33.92846578,-118.2266022,"1,364",131,<11,U,U,U,U,U,0,,,,,
01/30/21,Los Angeles,LA Century Reg. Det. Facility,33.92846578,-118.2266022,"1,367",149,<11,U,U,U,U,U,0,,,,,
02/06/21,Los Angeles,LA Century Reg. Det. Facility,33.92846578,-118.2266022,"1,360",156,<11,U,U,U,U,U,0,,,,,
02/13/21,Los Angeles,LA Century Reg. Det. Facility,33.92846578,-118.2266022,"1,366",123,0,U,U,U,U,U,0,,,,,
02/20/21,Los Angeles,LA Century Reg. Det. Facility,33.92846578,-118.2266022,"1,374",156,<11,U,U,U,U,U,0,,,,,
02/27/21,Los Angeles,LA Century Reg. Det. Facility,33.92846578,-118.2266022,"1,375",157,<11,U,U,U,U,U,0,,,,,
03/06/21,Los Angeles,LA Century Reg. Det. Facility,33.92846578,-118.2266022,"1,383",140,<11,U,U,U,U,U,0,,,,,
03/13/21,Los Angeles,LA Century Reg. Det. Facility,33.92846578,-118.2266022,"1,371",154,<11,U,U,U,U,U,0,,,,,
03/20/21,Los Angeles,LA Century Reg. Det. Facility,33.92846578,-118.2266022,"1,357",197,0,U,U,U,U,U,0,,,,,
03/27/21,Los Angeles,LA Century Reg. Det. Facility,33.92846578,-118.2266022,"1,312",178,0,U,U,U,U,U,0,,,,,
04/03/21,Los Angeles,LA Century Reg. Det. Facility,33.92846578,-118.2266022,"1,257",128,<11,U,U,U,U,U,0,,,,,
04/10/21,Los Angeles,LA Century Reg. Det. Facility,33.92846578,-118.2266022,"1,238",137,0,U,U,U,U,U,0,,,,,
04/17/21,Los Angeles,LA Century Reg. Det. Facility,33.92846578,-118.2266022,"1,248",199,0,U,U,U,U,U,0,,,,,
04/24/21,Los Angeles,LA Century Reg. Det. Facility,33.92846578,-118.2266022,"1,203",152,0,U,U,U,U,U,0,,,,,
05/01/21,Los Angeles,LA Century Reg. Det. Facility,33.92846578,-118.2266022,"1,223",182,<11,U,U,U,U,U,0,,,,,
05/08/21,Los Angeles,LA Century Reg. Det. Facility,33.92846578,-118.2266022,"1,201",137,<11,U,U,U,U,U,0,,,,,
05/15/21,Los Angeles,LA Century Reg. Det. Facility,33.92846578,-118.2266022,"1,219",107,0,U,U,U,U,U,0,,,,,
05/22/21,Los Angeles,LA Century Reg. Det. Facility,33.92846578,-118.2266022,"1,194",119,0,U,U,U,U,U,0,,,,,
05/29/21,Los Angeles,LA Century Reg. Det. Facility,33.92846578,-118.2266022,"1,206",154,0,U,U,U,U,U,0,,,,,
06/05/21,Los Angeles,LA Century Reg. Det. Facility,33.92846578,-118.2266022,"1,231",123,0,U,U,U,U,U,0,,,,,
06/12/21,Los Angeles,LA Century Reg. Det. Facility,33.92846578,-118.2266022,"1,236",123,<11,U,U,U,U,U,0,,,,,
06/19/21,Los Angeles,LA Century Reg. Det. Facility,33.92846578,-118.2266022,"1,214",128,0,U,U,U,U,U,0,,,,,
06/26/21,Los Angeles,LA Century Reg. Det. Facility,33.92846578,-118.2266022,"1,247",136,<11,U,U,U,U,U,0,,,,,
07/03/21,Los Angeles,LA Century Reg. Det. Facility,33.92846578,-118.2266022,"1,247",187,<11,U,U,U,U,U,0,,,,,
07/10/21,Los Angeles,LA Century Reg. Det. Facility,33.92846578,-118.2266022,"1,262",128,<11,U,U,U,U,U,0,,,,,
07/17/21,Los Angeles,LA Century Reg. Det. Facility,33.92846578,-118.2266022,"1,293",165,<11,U,U,U,U,U,0,,,,,
07/24/21,Los Angeles,LA Century Reg. Det. Facility,33.92846578,-118.2266022,"1,290",140,<11,U,U,U,U,U,0,,,,,
07/31/21,Los Angeles,LA Century Reg. Det. Facility,33.92846578,-118.2266022,"1,310",153,<11,U,U,U,U,U,0,,,,,
08/07/21,Los Angeles,LA Century Reg. Det. Facility,33.92846578,-118.2266022,"1,338",128,<11,U,U,U,U,U,0,,,,,
08/14/21,Los Angeles,LA Century Reg. Det. Facility,33.92846578,-118.2266022,"1,308",141,<11,U,U,U,U,U,0,,,,,
08/21/21,Los Angeles,LA Century Reg. Det. Facility,33.92846578,-118.2266022,"1,332",161,<11,U,U,U,U,U,0,,,,,
08/28/21,Los Angeles,LA Century Reg. Det. Facility,33.92846578,-118.2266022,"1,347",132,<11,U,U,U,U,U,0,,,,,
09/04/21,Los Angeles,LA Century Reg. Det. Facility,33.92846578,-118.2266022,"1,338",162,<11,U,U,U,U,U,0,,,,,
09/11/21,Los Angeles,LA Century Reg. Det. Facility,33.92846578,-118.2266022,"1,360",184,<11,U,U,U,U,U,0,,,,,
09/18/21,Los Angeles,LA Century Reg. Det. Facility,33.92846578,-118.2266022,"1,379",142,57,U,U,U,U,U,0,,,,,
09/25/21,Los Angeles,LA Century Reg. Det. Facility,33.92846578,-118.2266022,"1,398",156,<11,U,U,U,U,U,0,,,,,
10/02/21,Los Angeles,LA Century Reg. Det. Facility,33.92846578,-118.2266022,"1,401",148,<11,U,U,U,U,U,0,,,,,
10/09/21,Los Angeles,LA Century Reg. Det. Facility,33.92846578,-118.2266022,"1,413",153,12,U,U,U,U,U,0,,,,,
10/16/21,Los Angeles,LA Century Reg. Det. Facility,33.92846578,-118.2266022,"1,424",136,<11,U,U,U,U,U,0,,,,,
10/23/21,Los Angeles,LA Century Reg. Det. Facility,33.92846578,-118.2266022,"1,378",118,0,U,U,U,U,U,0,,,,,
10/30/21,Los Angeles,LA Century Reg. Det. Facility,33.92846578,-118.2266022,"1,358",142,<11,U,U,U,U,U,0,,,,,
11/06/21,Los Angeles,LA Century Reg. Det. Facility,33.92846578,-118.2266022,"1,353",172,<11,U,U,U,U,U,0,,,,,
11/13/21,Los Angeles,LA Century Reg. Det. Facility,33.92846578,-118.2266022,"1,361",118,0,U,U,U,U,U,0,,,,,
11/20/21,Los Angeles,LA Century Reg. Det. Facility,33.92846578,-118.2266022,"1,343",153,14,U,U,U,U,U,0,,,,,
11/27/21,Los Angeles,LA Century Reg. Det. Facility,33.92846578,-118.2266022,"1,334",106,<11,U,U,U,U,U,0,,,,,
12/04/21,Los Angeles,LA Century Reg. Det. Facility,33.92846578,-118.2266022,"1,333",200,<11,U,U,U,U,U,0,,,,,
12/11/21,Los Angeles,LA Century Reg. Det. Facility,33.92846578,-118.2266022,"1,331",140,15,U,U,U,U,U,0,,,,,
12/18/21,Los Angeles,LA Century Reg. Det. Facility,33.92846578,-118.2266022,"1,312",144,11,U,U,U,U,U,0,,,,,
12/25/21,Los Angeles,LA Century Reg. Det. Facility,33.92846578,-118.2266022,"1,276",122,<11,U,U,U,U,U,U,,,,,
01/01/22,Los Angeles,LA Century Reg. Det. Facility,33.92846578,-118.2266022,"1,277",112,16,U,U,U,U,U,0,,,,,
01/08/22,Los Angeles,LA Century Reg. Det. Facility,33.92846578,-118.2266022,"1,303",155,60,U,U,U,U,U,0,,,,,
01/15/22,Los Angeles,LA Century Reg. Det. Facility,33.92846578,-118.2266022,"1,340",155,79,U,U,U,U,U,0,,,,,
01/22/22,Los Angeles,LA Century Reg. Det. Facility,33.92846578,-118.2266022,"1,381",145,44,U,U,U,U,U,0,,,,,
01/29/22,Los Angeles,LA Century Reg. Det. Facility,33.92846578,-118.2266022,"1,380",122,26,U,U,U,U,U,0,,,,,
02/05/22,Los Angeles,LA Century Reg. Det. Facility,33.92846578,-118.2266022,"1,369",124,20,U,U,U,U,U,0,,,,,
02/12/22,Los Angeles,LA Century Reg. Det. Facility,33.92846578,-118.2266022,"1,353",158,11,U,U,U,U,U,0,,,,,
02/19/22,Los Angeles,LA Century Reg. Det. Facility,33.92846578,-118.2266022,"1,350",178,11,U,U,U,U,U,0,,,,,
02/26/22,Los Angeles,LA Century Reg. Det. Facility,33.92846578,-118.2266022,"1,339",127,<11,U,U,U,U,U,0,,,,,
03/05/22,Los Angeles,LA Century Reg. Det. Facility,33.92846578,-118.2266022,"1,324",121,<11,U,U,U,U,U,0,,,,,
07/25/20,Los Angeles,LA Men's Central Jail,34.06065848,-118.2294482,"3,944",U,<11,U,U,U,U,U,0,*Inmate Deaths- Number reported denotes COVID 19 positive at time of death,,,,
08/01/20,Los Angeles,LA Men's Central Jail,34.06065848,-118.2294482,"4,012",U,0,U,U,U,U,U,0,,,,,
08/08/20,Los Angeles,LA Men's Central Jail,34.06065848,-118.2294482,"3,985",<11,<11,U,U,U,U,U,U,,,,,
08/15/20,Los Angeles,LA Men's Central Jail,34.06065848,-118.2294482,"3,984",<11,<11,U,U,U,U,U,0,,,,,
08/22/20,Los Angeles,LA Men's Central Jail,34.06065848,-118.2294482,"4,086",17,<11,U,U,U,U,U,0,,,,,
08/29/20,Los Angeles,LA Men's Central Jail,34.06065848,-118.2294482,"4,168",14,<11,U,U,U,U,U,0,,,,,
09/05/20,Los Angeles,LA Men's Central Jail,34.06065848,-118.2294482,"4,246",29,<11,U,U,U,U,U,0,,,,,
09/12/20,Los Angeles,LA Men's Central Jail,34.06065848,-118.2294482,"4,320",22,<11,U,U,U,U,U,0,,,,,
09/19/20,Los Angeles,LA Men's Central Jail,34.06065848,-118.2294482,"4,312",30,12,U,U,U,U,U,0,,,,,
09/26/20,Los Angeles,LA Men's Central Jail,34.06065848,-118.2294482,"4,364",31,<11,U,U,U,U,U,0,,,,,
10/03/20,Los Angeles,LA Men's Central Jail,34.06065848,-118.2294482,"4,382",112,12,U,U,U,U,U,0,,,,,
10/10/20,Los Angeles,LA Men's Central Jail,34.06065848,-118.2294482,"4,395",20,<11,U,U,U,U,U,0,,,,,
10/17/20,Los Angeles,LA Men's Central Jail,34.06065848,-118.2294482,"4,425",30,<11,U,U,U,U,U,0,,,,,
10/24/20,Los Angeles,LA Men's Central Jail,34.06065848,-118.2294482,"4,517",14,0,U,U,U,U,U,0,,,,,
10/31/20,Los Angeles,LA Men's Central Jail,34.06065848,-118.2294482,"4,543",25,0,U,U,U,U,U,0,,,,,
11/07/20,Los Angeles,LA Men's Central Jail,34.06065848,-118.2294482,"4,596",58,<11,U,U,U,U,U,0,,,,,
11/14/20,Los Angeles,LA Men's Central Jail,34.06065848,-118.2294482,"4,545",21,<11,U,U,U,U,U,0,,,,,
11/21/20,Los Angeles,LA Men's Central Jail,34.06065848,-118.2294482,"4,546",20,<11,U,U,U,U,U,0,,,,,
11/28/20,Los Angeles,LA Men's Central Jail,34.06065848,-118.2294482,"4,614",17,<11,U,U,U,U,U,0,,,,,
12/05/20,Los Angeles,LA Men's Central Jail,34.06065848,-118.2294482,"4,637",85,<11,U,U,U,U,U,0,,,,,
12/12/20,Los Angeles,LA Men's Central Jail,34.06065848,-118.2294482,"4,612",122,14,U,U,U,U,U,0,,,,,
12/19/20,Los Angeles,LA Men's Central Jail,34.06065848,-118.2294482,"4,489",63,17,U,U,U,U,U,0,,,,,
12/26/20,Los Angeles,LA Men's Central Jail,34.06065848,-118.2294482,"4,365",64,20,U,U,U,U,U,0,,,,,
01/02/21,Los Angeles,LA Men's Central Jail,34.06065848,-118.2294482,"4,315",28,<11,U,U,U,U,U,0,,,,,
01/09/21,Los Angeles,LA Men's Central Jail,34.06065848,-118.2294482,"4,349",50,<11,U,U,U,U,U,0,,,,,
01/16/21,Los Angeles,LA Men's Central Jail,34.06065848,-118.2294482,"4,383",52,<11,U,U,U,U,U,<11,,,,,
01/23/21,Los Angeles,LA Men's Central Jail,34.06065848,-118.2294482,"4,390",115,12,U,U,U,U,U,0,,,,,
01/30/21,Los Angeles,LA Men's Central Jail,34.06065848,-118.2294482,"4,381",94,12,U,U,U,U,U,0,,,,,
02/06/21,Los Angeles,LA Men's Central Jail,34.06065848,-118.2294482,"4,433",78,<11,0,U,U,U,U,0,,,,,
02/13/21,Los Angeles,LA Men's Central Jail,34.06065848,-118.2294482,"4,473",54,<11,U,U,U,U,U,0,,,,,
02/20/21,Los Angeles,LA Men's Central Jail,34.06065848,-118.2294482,"4,524",31,0,U,U,U,U,U,0,,,,,
02/27/21,Los Angeles,LA Men's Central Jail,34.06065848,-118.2294482,"4,598",32,<11,U,U,U,U,U,0,,,,,
03/06/21,Los Angeles,LA Men's Central Jail,34.06065848,-118.2294482,"4,663",55,0,U,U,U,U,U,0,,,,,
03/13/21,Los Angeles,LA Men's Central Jail,34.06065848,-118.2294482,"4,639",65,0,U,U,U,U,U,0,,,,,
03/20/21,Los Angeles,LA Men's Central Jail,34.06065848,-118.2294482,"4,610",183,<11,U,U,U,U,U,0,,,,,
03/27/21,Los Angeles,LA Men's Central Jail,34.06065848,-118.2294482,"4,623",104,0,U,U,U,U,U,0,,,,,
04/03/21,Los Angeles,LA Men's Central Jail,34.06065848,-118.2294482,"4,631",74,0,U,U,U,U,U,0,,,,,
04/10/21,Los Angeles,LA Men's Central Jail,34.06065848,-118.2294482,"4,618",70,0,U,U,U,U,U,0,,,,,
04/17/21,Los Angeles,LA Men's Central Jail,34.06065848,-118.2294482,"4,610",68,0,U,U,U,U,U,0,,,,,
04/24/21,Los Angeles,LA Men's Central Jail,34.06065848,-118.2294482,"4,600",62,0,U,U,U,U,U,0,,,,,
05/01/21,Los Angeles,LA Men's Central Jail,34.06065848,-118.2294482,"4,570",71,<11,U,U,U,U,U,0,,,,,
05/08/21,Los Angeles,LA Men's Central Jail,34.06065848,-118.2294482,"4,494",94,0,U,U,U,U,U,0,,,,,
05/15/21,Los Angeles,LA Men's Central Jail,34.06065848,-118.2294482,"4,501",134,0,U,U,U,U,U,0,,,,,
05/22/21,Los Angeles,LA Men's Central Jail,34.06065848,-118.2294482,"4,401",97,0,U,U,U,U,U,0,,,,,
05/29/21,Los Angeles,LA Men's Central Jail,34.06065848,-118.2294482,"4,301",134,<11,U,U,U,U,U,0,,,,,
06/05/21,Los Angeles,LA Men's Central Jail,34.06065848,-118.2294482,"4,145",103,<11,U,U,U,U,U,0,,,,,
06/12/21,Los Angeles,LA Men's Central Jail,34.06065848,-118.2294482,"4,119",109,0,U,U,U,U,U,0,,,,,
06/19/21,Los Angeles,LA Men's Central Jail,34.06065848,-118.2294482,"4,112",33,<11,U,U,U,U,U,0,,,,,
06/26/21,Los Angeles,LA Men's Central Jail,34.06065848,-118.2294482,"4,021",96,0,U,U,U,U,U,0,,,,,
07/03/21,Los Angeles,LA Men's Central Jail,34.06065848,-118.2294482,"4,068",15,<11,U,U,U,U,U,0,,,,,
07/10/21,Los Angeles,LA Men's Central Jail,34.06065848,-118.2294482,"4,153",82,0,U,U,U,U,U,0,,,,,
07/17/21,Los Angeles,LA Men's Central Jail,34.06065848,-118.2294482,"4,144",79,0,U,U,U,U,U,0,,,,,
07/24/21,Los Angeles,LA Men's Central Jail,34.06065848,-118.2294482,"4,085",93,<11,U,U,U,U,U,0,,,,,
07/31/21,Los Angeles,LA Men's Central Jail,34.06065848,-118.2294482,"4,034",105,<11,U,U,U,U,U,0,,,,,
08/07/21,Los Angeles,LA Men's Central Jail,34.06065848,-118.2294482,"3,993",34,11,U,U,U,U,U,0,,,,,
08/14/21,Los Angeles,LA Men's Central Jail,34.06065848,-118.2294482,"3,973",158,27,U,U,U,U,U,0,,,,,
08/21/21,Los Angeles,LA Men's Central Jail,34.06065848,-118.2294482,"4,086",188,33,U,U,U,U,U,0,,,,,
08/28/21,Los Angeles,LA Men's Central Jail,34.06065848,-118.2294482,"4,238",226,33,U,U,U,U,U,0,,,,,
09/04/21,Los Angeles,LA Men's Central Jail,34.06065848,-118.2294482,"4,267",149,12,U,U,U,U,U,0,,,,,
09/11/21,Los Angeles,LA Men's Central Jail,34.06065848,-118.2294482,"4,258",380,19,U,U,U,U,U,0,,,,,
09/18/21,Los Angeles,LA Men's Central Jail,34.06065848,-118.2294482,"4,167",273,17,U,U,U,U,U,0,,,,,
09/25/21,Los Angeles,LA Men's Central Jail,34.06065848,-118.2294482,"4,208",63,31,U,U,U,U,U,0,,,,,
10/02/21,Los Angeles,LA Men's Central Jail,34.06065848,-118.2294482,"4,315",82,<11,U,U,U,U,U,0,,,,,
10/09/21,Los Angeles,LA Men's Central Jail,34.06065848,-118.2294482,"4,367",193,<11,U,U,U,U,U,0,,,,,
10/16/21,Los Angeles,LA Men's Central Jail,34.06065848,-118.2294482,"4,246",324,<11,U,U,U,U,U,0,,,,,
10/23/21,Los Angeles,LA Men's Central Jail,34.06065848,-118.2294482,"4,120",304,<11,U,U,U,U,U,0,,,,,
10/30/21,Los Angeles,LA Men's Central Jail,34.06065848,-118.2294482,"3,879",161,<11,U,U,U,U,U,0,,,,,
11/06/21,Los Angeles,LA Men's Central Jail,34.06065848,-118.2294482,"3,802",131,<11,U,U,U,U,U,0,,,,,
11/13/21,Los Angeles,LA Men's Central Jail,34.06065848,-118.2294482,"3,725",224,<11,U,U,U,U,U,0,,,,,
11/20/21,Los Angeles,LA Men's Central Jail,34.06065848,-118.2294482,"3,601",101,<11,U,U,U,U,U,0,,,,,
11/27/21,Los Angeles,LA Men's Central Jail,34.06065848,-118.2294482,"3,569",88,<11,U,U,U,U,U,0,,,,,
12/04/21,Los Angeles,LA Men's Central Jail,34.06065848,-118.2294482,"3,659",75,<11,U,U,U,U,U,0,,,,,
12/11/21,Los Angeles,LA Men's Central Jail,34.06065848,-118.2294482,"3,693",62,<11,U,U,U,U,U,0,,,,,
12/18/21,Los Angeles,LA Men's Central Jail,34.06065848,-118.2294482,"3,716",78,<11,U,U,U,U,U,0,,,,,
12/25/21,Los Angeles,LA Men's Central Jail,34.06065848,-118.2294482,"3,823",165,<11,U,U,U,U,U,U,,,,,
01/01/22,Los Angeles,LA Men's Central Jail,34.06065848,-118.2294482,"3,757",80,16,U,U,U,U,U,0,,,,,
01/08/22,Los Angeles,LA Men's Central Jail,34.06065848,-118.2294482,"3,806",64,20,U,U,U,U,U,0,,,,,
01/15/22,Los Angeles,LA Men's Central Jail,34.06065848,-118.2294482,"3,827",27,12,U,U,U,U,U,U,,,,,
01/22/22,Los Angeles,LA Men's Central Jail,34.06065848,-118.2294482,"3,966",16,<11,U,U,U,U,U,0,,,,,
01/29/22,Los Angeles,LA Men's Central Jail,34.06065848,-118.2294482,"4,049",45,<11,U,U,U,U,U,0,,,,,
02/05/22,Los Angeles,LA Men's Central Jail,34.06065848,-118.2294482,"4,045",17,<11,U,U,U,U,U,0,,,,,
02/12/22,Los Angeles,LA Men's Central Jail,34.06065848,-118.2294482,"4,031",52,<11,U,U,U,U,U,0,,,,,
02/19/22,Los Angeles,LA Men's Central Jail,34.06065848,-118.2294482,"4,020",52,<11,U,U,U,U,U,0,,,,,
02/26/22,Los Angeles,LA Men's Central Jail,34.06065848,-118.2294482,"4,036",113,11,U,U,U,U,U,0,,,,,
03/05/22,Los Angeles,LA Men's Central Jail,34.06065848,-118.2294482,"3,958",156,<11,U,U,U,U,U,0,,,,,
07/25/20,Los Angeles,LA North County Corr. Facility,34.4526705,-118.6071028,"2,617",U,<11,U,U,U,U,U,0,*Inmate Deaths - Number reported denotes COVID 19 positive at time of death,,,,
08/01/20,Los Angeles,LA North County Corr. Facility,34.4526705,-118.6071028,"2,692",U,0,U,U,U,U,U,0,,,,,
08/08/20,Los Angeles,LA North County Corr. Facility,34.4526705,-118.6071028,"2,793",<11,0,U,U,U,U,U,0,,,,,
08/15/20,Los Angeles,LA North County Corr. Facility,34.4526705,-118.6071028,"2,835",<11,0,U,U,U,U,U,0,,,,,
08/22/20,Los Angeles,LA North County Corr. Facility,34.4526705,-118.6071028,"2,890",<11,<11,U,U,U,U,U,0,,,,,
08/29/20,Los Angeles,LA North County Corr. Facility,34.4526705,-118.6071028,"2,991",<11,0,U,U,U,U,U,0,,,,,
09/05/20,Los Angeles,LA North County Corr. Facility,34.4526705,-118.6071028,"3,093",14,<11,U,U,U,U,U,0,,,,,
09/12/20,Los Angeles,LA North County Corr. Facility,34.4526705,-118.6071028,"3,160",13,<11,U,U,U,U,U,0,,,,,
09/19/20,Los Angeles,LA North County Corr. Facility,34.4526705,-118.6071028,"3,224",<11,<11,U,U,U,U,U,0,,,,,
09/26/20,Los Angeles,LA North County Corr. Facility,34.4526705,-118.6071028,"3,174",<11,<11,U,U,U,U,U,0,,,,,
10/03/20,Los Angeles,LA North County Corr. Facility,34.4526705,-118.6071028,"3,244",<11,<11,U,U,U,U,U,<11,,,,,
10/10/20,Los Angeles,LA North County Corr. Facility,34.4526705,-118.6071028,"3,325",18,<11,U,U,U,U,U,0,,,,,
10/17/20,Los Angeles,LA North County Corr. Facility,34.4526705,-118.6071028,"3,378",<11,0,U,U,U,U,U,0,,,,,
10/24/20,Los Angeles,LA North County Corr. Facility,34.4526705,-118.6071028,"3,600",13,0,U,U,U,U,U,0,,,,,
10/31/20,Los Angeles,LA North County Corr. Facility,34.4526705,-118.6071028,"3,839",18,<11,U,U,U,U,U,0,,,,,
11/07/20,Los Angeles,LA North County Corr. Facility,34.4526705,-118.6071028,"3,911",12,<11,U,U,U,U,U,0,,,,,
11/14/20,Los Angeles,LA North County Corr. Facility,34.4526705,-118.6071028,"3,985",17,<11,U,U,U,U,U,0,,,,,
11/21/20,Los Angeles,LA North County Corr. Facility,34.4526705,-118.6071028,"4,063",22,<11,U,U,U,U,U,0,,,,,
11/28/20,Los Angeles,LA North County Corr. Facility,34.4526705,-118.6071028,"4,050",16,11,U,U,U,U,U,0,,,,,
12/05/20,Los Angeles,LA North County Corr. Facility,34.4526705,-118.6071028,"3,993",12,<11,U,U,U,U,U,0,,,,,
12/12/20,Los Angeles,LA North County Corr. Facility,34.4526705,-118.6071028,"3,847",16,<11,U,U,U,U,U,0,,,,,
12/19/20,Los Angeles,LA North County Corr. Facility,34.4526705,-118.6071028,"3,647",15,<11,U,U,U,U,U,0,,,,,
12/26/20,Los Angeles,LA North County Corr. Facility,34.4526705,-118.6071028,"3,597",19,<11,U,U,U,U,U,0,,,,,
01/02/21,Los Angeles,LA North County Corr. Facility,34.4526705,-118.6071028,"3,565",16,<11,U,U,U,U,U,0,,,,,
01/09/21,Los Angeles,LA North County Corr. Facility,34.4526705,-118.6071028,"3,497",12,<11,U,U,U,U,U,0,,,,,
01/16/21,Los Angeles,LA North County Corr. Facility,34.4526705,-118.6071028,"3,439",16,<11,U,U,U,U,U,0,,,,,
01/23/21,Los Angeles,LA North County Corr. Facility,34.4526705,-118.6071028,"3,494",11,<11,U,U,U,U,U,<11,,,,,
01/30/21,Los Angeles,LA North County Corr. Facility,34.4526705,-118.6071028,"3,513",19,0,U,U,U,U,U,0,,,,,
02/06/21,Los Angeles,LA North County Corr. Facility,34.4526705,-118.6071028,"3,504",17,<11,U,U,U,U,U,0,,,,,
02/13/21,Los Angeles,LA North County Corr. Facility,34.4526705,-118.6071028,"3,484",49,0,U,U,U,U,U,0,,,,,
02/20/21,Los Angeles,LA North County Corr. Facility,34.4526705,-118.6071028,"3,515",36,<11,U,U,U,U,U,0,,,,,
02/27/21,Los Angeles,LA North County Corr. Facility,34.4526705,-118.6071028,"3,527",38,<11,U,U,U,U,U,0,,,,,
03/06/21,Los Angeles,LA North County Corr. Facility,34.4526705,-118.6071028,"3,501",27,0,U,U,U,U,U,0,,,,,
03/13/21,Los Angeles,LA North County Corr. Facility,34.4526705,-118.6071028,"3,590",39,<11,U,U,U,U,U,0,,,,,
03/20/21,Los Angeles,LA North County Corr. Facility,34.4526705,-118.6071028,"3,649",23,0,U,U,U,U,U,0,,,,,
03/27/21,Los Angeles,LA North County Corr. Facility,34.4526705,-118.6071028,"3,652",30,0,U,U,U,U,U,0,,,,,
04/03/21,Los Angeles,LA North County Corr. Facility,34.4526705,-118.6071028,"3,654",27,<11,U,U,U,U,U,0,,,,,
04/10/21,Los Angeles,LA North County Corr. Facility,34.4526705,-118.6071028,"3,623",28,0,U,U,U,U,U,0,,,,,
04/17/21,Los Angeles,LA North County Corr. Facility,34.4526705,-118.6071028,"3,641",29,<11,U,U,U,U,U,0,,,,,
04/24/21,Los Angeles,LA North County Corr. Facility,34.4526705,-118.6071028,"3,627",26,0,U,U,U,U,U,0,,,,,
05/01/21,Los Angeles,LA North County Corr. Facility,34.4526705,-118.6071028,"3,733",15,<11,U,U,U,U,U,0,,,,,
05/08/21,Los Angeles,LA North County Corr. Facility,34.4526705,-118.6071028,"3,809",18,<11,U,U,U,U,U,0,,,,,
05/15/21,Los Angeles,LA North County Corr. Facility,34.4526705,-118.6071028,"3,873",25,0,U,U,U,U,U,0,,,,,
05/22/21,Los Angeles,LA North County Corr. Facility,34.4526705,-118.6071028,"3,788",<11,0,U,U,U,U,U,0,,,,,
05/29/21,Los Angeles,LA North County Corr. Facility,34.4526705,-118.6071028,"3,775",17,0,U,U,U,U,U,0,,,,,
06/05/21,Los Angeles,LA North County Corr. Facility,34.4526705,-118.6071028,"3,777",12,0,U,U,U,U,U,0,,,,,
06/12/21,Los Angeles,LA North County Corr. Facility,34.4526705,-118.6071028,"3,750",11,0,U,U,U,U,U,0,,,,,
06/19/21,Los Angeles,LA North County Corr. Facility,34.4526705,-118.6071028,"3,744",62,0,U,U,U,U,U,0,,,,,
06/26/21,Los Angeles,LA North County Corr. Facility,34.4526705,-118.6071028,"3,759",76,0,U,U,U,U,U,0,,,,,
07/03/21,Los Angeles,LA North County Corr. Facility,34.4526705,-118.6071028,"3,744",17,0,U,U,U,U,U,0,,,,,
07/10/21,Los Angeles,LA North County Corr. Facility,34.4526705,-118.6071028,"3,764",136,0,U,U,U,U,U,0,,,,,
07/17/21,Los Angeles,LA North County Corr. Facility,34.4526705,-118.6071028,"3,645",14,<11,U,U,U,U,U,0,,,,,
07/24/21,Los Angeles,LA North County Corr. Facility,34.4526705,-118.6071028,"3,702",20,<11,U,U,U,U,U,0,,,,,
07/31/21,Los Angeles,LA North County Corr. Facility,34.4526705,-118.6071028,"3,818",72,13,U,U,U,U,U,0,,,,,
08/07/21,Los Angeles,LA North County Corr. Facility,34.4526705,-118.6071028,"3,804",78,<11,U,U,U,U,U,0,,,,,
08/14/21,Los Angeles,LA North County Corr. Facility,34.4526705,-118.6071028,"3,726",19,<11,U,U,U,U,U,0,,,,,
08/21/21,Los Angeles,LA North County Corr. Facility,34.4526705,-118.6071028,"3,697",31,16,U,U,U,U,U,0,,,,,
08/28/21,Los Angeles,LA North County Corr. Facility,34.4526705,-118.6071028,"3,601",<11,<11,U,U,U,U,U,0,,,,,
09/04/21,Los Angeles,LA North County Corr. Facility,34.4526705,-118.6071028,"3,480",19,<11,U,U,U,U,U,0,,,,,
09/11/21,Los Angeles,LA North County Corr. Facility,34.4526705,-118.6071028,"3,552",138,<11,U,U,U,U,U,0,,,,,
09/18/21,Los Angeles,LA North County Corr. Facility,34.4526705,-118.6071028,"3,369",15,<11,U,U,U,U,U,0,,,,,
09/25/21,Los Angeles,LA North County Corr. Facility,34.4526705,-118.6071028,"3,420",145,<11,U,U,U,U,U,0,,,,,
10/02/21,Los Angeles,LA North County Corr. Facility,34.4526705,-118.6071028,"3,380",73,<11,U,U,U,U,U,0,,,,,
10/09/21,Los Angeles,LA North County Corr. Facility,34.4526705,-118.6071028,"3,343",115,<11,U,U,U,U,U,0,,,,,
10/16/21,Los Angeles,LA North County Corr. Facility,34.4526705,-118.6071028,"3,334",18,<11,U,U,U,U,U,0,,,,,
10/23/21,Los Angeles,LA North County Corr. Facility,34.4526705,-118.6071028,"3,299",118,<11,U,U,U,U,U,0,,,,,
10/30/21,Los Angeles,LA North County Corr. Facility,34.4526705,-118.6071028,"3,188",109,<11,U,U,U,U,U,0,,,,,
11/06/21,Los Angeles,LA North County Corr. Facility,34.4526705,-118.6071028,"3,110",75,<11,U,U,U,U,U,0,,,,,
11/13/21,Los Angeles,LA North County Corr. Facility,34.4526705,-118.6071028,"2,985",76,<11,U,U,U,U,U,0,,,,,
11/20/21,Los Angeles,LA North County Corr. Facility,34.4526705,-118.6071028,"2,951",119,12,U,U,U,U,U,0,,,,,
11/27/21,Los Angeles,LA North County Corr. Facility,34.4526705,-118.6071028,"2,987",73,<11,U,U,U,U,U,0,,,,,
12/04/21,Los Angeles,LA North County Corr. Facility,34.4526705,-118.6071028,"2,881",92,12,U,U,U,U,U,0,,,,,
12/11/21,Los Angeles,LA North County Corr. Facility,34.4526705,-118.6071028,"2,805",23,<11,U,U,U,U,U,0,,,,,
12/18/21,Los Angeles,LA North County Corr. Facility,34.4526705,-118.6071028,"2,826",13,<11,U,U,U,U,U,0,,,,,
12/25/21,Los Angeles,LA North County Corr. Facility,34.4526705,-118.6071028,"2,845",13,<11,U,U,U,U,U,U,,,,,
01/01/22,Los Angeles,LA North County Corr. Facility,34.4526705,-118.6071028,"2,778",21,<11,U,U,U,U,U,0,,,,,
01/08/22,Los Angeles,LA North County Corr. Facility,34.4526705,-118.6071028,"2,747",24,13,U,U,U,U,U,0,,,,,
01/15/22,Los Angeles,LA North County Corr. Facility,34.4526705,-118.6071028,"2,710",19,12,U,U,U,U,U,0,,,,,
01/22/22,Los Angeles,LA North County Corr. Facility,34.4526705,-118.6071028,"2,811",22,14,U,U,U,U,U,0,,,,,
01/29/22,Los Angeles,LA North County Corr. Facility,34.4526705,-118.6071028,"2,898",12,<11,U,U,U,U,U,0,,,,,
02/05/22,Los Angeles,LA North County Corr. Facility,34.4526705,-118.6071028,"2,989",11,<11,U,U,U,U,U,0,,,,,
02/12/22,Los Angeles,LA North County Corr. Facility,34.4526705,-118.6071028,"2,987",<11,<11,U,U,U,U,U,0,,,,,
02/19/22,Los Angeles,LA North County Corr. Facility,34.4526705,-118.6071028,"2,992",11,<11,U,U,U,U,U,0,,,,,
02/26/22,Los Angeles,LA North County Corr. Facility,34.4526705,-118.6071028,"3,070",19,0,U,U,U,U,U,0,,,,,
03/05/22,Los Angeles,LA North County Corr. Facility,34.4526705,-118.6071028,"3,165",<11,0,U,U,U,U,U,0,,,,,
07/25/20,Los Angeles,LA Pitchess East Facility,34.46952589,-118.6033409,30,U,0,U,U,U,U,U,0,*Inmate Deaths- Number reported denotes COVID 19 positive at time of death,,,,
08/01/20,Los Angeles,LA Pitchess East Facility,34.46952589,-118.6033409,26,U,0,U,U,U,U,U,0,,,,,
08/08/20,Los Angeles,LA Pitchess East Facility,34.46952589,-118.6033409,27,0,0,U,U,U,U,U,0,,,,,
08/15/20,Los Angeles,LA Pitchess East Facility,34.46952589,-118.6033409,26,0,0,U,U,U,U,U,0,,,,,
08/22/20,Los Angeles,LA Pitchess East Facility,34.46952589,-118.6033409,23,0,0,U,U,U,U,U,0,,,,,
08/29/20,Los Angeles,LA Pitchess East Facility,34.46952589,-118.6033409,23,0,0,U,U,U,U,U,0,,,,,
09/05/20,Los Angeles,LA Pitchess East Facility,34.46952589,-118.6033409,23,0,0,U,U,U,U,U,0,,,,,
09/12/20,Los Angeles,LA Pitchess East Facility,34.46952589,-118.6033409,22,0,0,U,U,U,U,U,0,,,,,
09/19/20,Los Angeles,LA Pitchess East Facility,34.46952589,-118.6033409,23,0,0,U,U,U,U,U,0,,,,,
09/26/20,Los Angeles,LA Pitchess East Facility,34.46952589,-118.6033409,24,0,0,U,U,U,U,U,0,,,,,
10/03/20,Los Angeles,LA Pitchess East Facility,34.46952589,-118.6033409,23,0,0,U,U,U,U,U,0,,,,,
10/10/20,Los Angeles,LA Pitchess East Facility,34.46952589,-118.6033409,23,0,0,U,U,U,U,U,0,,,,,
10/17/20,Los Angeles,LA Pitchess East Facility,34.46952589,-118.6033409,22,0,0,U,U,U,U,U,0,,,,,
10/24/20,Los Angeles,LA Pitchess East Facility,34.46952589,-118.6033409,21,<11,0,U,U,U,U,U,0,,,,,
10/31/20,Los Angeles,LA Pitchess East Facility,34.46952589,-118.6033409,23,0,0,U,U,U,U,U,0,,,,,
11/07/20,Los Angeles,LA Pitchess East Facility,34.46952589,-118.6033409,26,0,0,U,U,U,U,U,0,,,,,
11/14/20,Los Angeles,LA Pitchess East Facility,34.46952589,-118.6033409,27,0,0,U,U,U,U,U,0,,,,,
11/21/20,Los Angeles,LA Pitchess East Facility,34.46952589,-118.6033409,27,0,0,U,U,U,U,U,0,,,,,
11/28/20,Los Angeles,LA Pitchess East Facility,34.46952589,-118.6033409,25,0,0,U,U,U,U,U,0,,,,,
12/05/20,Los Angeles,LA Pitchess East Facility,34.46952589,-118.6033409,24,0,0,U,U,U,U,U,0,,,,,
12/12/20,Los Angeles,LA Pitchess East Facility,34.46952589,-118.6033409,22,0,0,U,U,U,U,U,0,,,,,
12/19/20,Los Angeles,LA Pitchess East Facility,34.46952589,-118.6033409,17,0,0,U,U,U,U,U,0,,,,,
12/26/20,Los Angeles,LA Pitchess East Facility,34.46952589,-118.6033409,18,0,0,U,U,U,U,U,0,,,,,
01/02/21,Los Angeles,LA Pitchess East Facility,34.46952589,-118.6033409,19,0,0,U,U,U,U,U,0,,,,,
01/09/21,Los Angeles,LA Pitchess East Facility,34.46952589,-118.6033409,20,0,0,U,U,U,U,U,0,,,,,
01/16/21,Los Angeles,LA Pitchess East Facility,34.46952589,-118.6033409,21,0,0,U,U,U,U,U,0,,,,,
01/23/21,Los Angeles,LA Pitchess East Facility,34.46952589,-118.6033409,20,0,0,U,U,U,U,U,0,,,,,
01/30/21,Los Angeles,LA Pitchess East Facility,34.46952589,-118.6033409,20,0,0,U,U,U,U,U,0,,,,,
02/06/21,Los Angeles,LA Pitchess East Facility,34.46952589,-118.6033409,20,0,0,U,U,U,U,U,0,,,,,
02/13/21,Los Angeles,LA Pitchess East Facility,34.46952589,-118.6033409,20,0,0,U,U,U,U,U,0,,,,,
02/20/21,Los Angeles,LA Pitchess East Facility,34.46952589,-118.6033409,20,0,0,U,U,U,U,U,0,,,,,
02/27/21,Los Angeles,LA Pitchess East Facility,34.46952589,-118.6033409,20,0,0,U,U,U,U,U,0,,,,,
03/06/21,Los Angeles,LA Pitchess East Facility,34.46952589,-118.6033409,18,0,0,U,U,U,U,U,0,,,,,
03/13/21,Los Angeles,LA Pitchess East Facility,34.46952589,-118.6033409,17,0,0,U,U,U,U,U,0,,,,,
03/20/21,Los Angeles,LA Pitchess East Facility,34.46952589,-118.6033409,15,0,0,U,U,U,U,U,0,,,,,
03/27/21,Los Angeles,LA Pitchess East Facility,34.46952589,-118.6033409,17,0,0,U,U,U,U,U,0,,,,,
04/03/21,Los Angeles,LA Pitchess East Facility,34.46952589,-118.6033409,17,0,0,U,U,U,U,U,0,,,,,
04/10/21,Los Angeles,LA Pitchess East Facility,34.46952589,-118.6033409,17,0,0,U,U,U,U,U,0,,,,,
04/17/21,Los Angeles,LA Pitchess East Facility,34.46952589,-118.6033409,20,0,0,U,U,U,U,U,0,,,,,
04/24/21,Los Angeles,LA Pitchess East Facility,34.46952589,-118.6033409,21,0,0,U,U,U,U,U,0,,,,,
05/01/21,Los Angeles,LA Pitchess East Facility,34.46952589,-118.6033409,21,0,0,U,U,U,U,U,0,,,,,
05/08/21,Los Angeles,LA Pitchess East Facility,34.46952589,-118.6033409,21,0,0,U,U,U,U,U,0,,,,,
05/15/21,Los Angeles,LA Pitchess East Facility,34.46952589,-118.6033409,21,0,0,U,U,U,U,U,0,,,,,
05/22/21,Los Angeles,LA Pitchess East Facility,34.46952589,-118.6033409,19,0,0,U,U,U,U,U,0,,,,,
05/29/21,Los Angeles,LA Pitchess East Facility,34.46952589,-118.6033409,19,0,0,U,U,U,U,U,0,,,,,
06/05/21,Los Angeles,LA Pitchess East Facility,34.46952589,-118.6033409,18,0,0,U,U,U,U,U,0,,,,,
06/12/21,Los Angeles,LA Pitchess East Facility,34.46952589,-118.6033409,17,0,0,U,U,U,U,U,0,,,,,
06/19/21,Los Angeles,LA Pitchess East Facility,34.46952589,-118.6033409,14,0,0,U,U,U,U,U,0,,,,,
06/26/21,Los Angeles,LA Pitchess East Facility,34.46952589,-118.6033409,15,0,0,U,U,U,U,U,0,,,,,
07/03/21,Los Angeles,LA Pitchess East Facility,34.46952589,-118.6033409,15,0,0,U,U,U,U,U,0,,,,,
07/10/21,Los Angeles,LA Pitchess East Facility,34.46952589,-118.6033409,17,0,0,U,U,U,U,U,0,,,,,
07/17/21,Los Angeles,LA Pitchess East Facility,34.46952589,-118.6033409,17,0,0,U,U,U,U,U,0,,,,,
07/24/21,Los Angeles,LA Pitchess East Facility,34.46952589,-118.6033409,16,<11,0,U,U,U,U,U,0,,,,,
07/31/21,Los Angeles,LA Pitchess East Facility,34.46952589,-118.6033409,16,0,0,U,U,U,U,U,0,,,,,
08/07/21,Los Angeles,LA Pitchess East Facility,34.46952589,-118.6033409,14,0,0,U,U,U,U,U,0,,,,,
08/14/21,Los Angeles,LA Pitchess East Facility,34.46952589,-118.6033409,13,0,0,U,U,U,U,U,0,,,,,
08/21/21,Los Angeles,LA Pitchess East Facility,34.46952589,-118.6033409,15,0,0,U,U,U,U,U,0,,,,,
08/28/21,Los Angeles,LA Pitchess East Facility,34.46952589,-118.6033409,14,0,0,U,U,U,U,U,0,,,,,
09/04/21,Los Angeles,LA Pitchess East Facility,34.46952589,-118.6033409,14,0,0,U,U,U,U,U,0,,,,,
09/11/21,Los Angeles,LA Pitchess East Facility,34.46952589,-118.6033409,13,0,0,U,U,U,U,U,0,,,,,
09/18/21,Los Angeles,LA Pitchess East Facility,34.46952589,-118.6033409,16,0,0,U,U,U,U,U,0,,,,,
09/25/21,Los Angeles,LA Pitchess East Facility,34.46952589,-118.6033409,15,0,0,U,U,U,U,U,0,,,,,
10/02/21,Los Angeles,LA Pitchess East Facility,34.46952589,-118.6033409,15,0,0,U,U,U,U,U,0,,,,,
10/09/21,Los Angeles,LA Pitchess East Facility,34.46952589,-118.6033409,15,0,0,U,U,U,U,U,0,,,,,
10/16/21,Los Angeles,LA Pitchess East Facility,34.46952589,-118.6033409,15,0,0,U,U,U,U,U,0,,,,,
10/23/21,Los Angeles,LA Pitchess East Facility,34.46952589,-118.6033409,16,0,0,U,U,U,U,U,0,,,,,
10/30/21,Los Angeles,LA Pitchess East Facility,34.46952589,-118.6033409,15,0,0,U,U,U,U,U,0,,,,,
11/06/21,Los Angeles,LA Pitchess East Facility,34.46952589,-118.6033409,13,0,0,U,U,U,U,U,0,,,,,
11/13/21,Los Angeles,LA Pitchess East Facility,34.46952589,-118.6033409,17,0,0,U,U,U,U,U,0,,,,,
11/20/21,Los Angeles,LA Pitchess East Facility,34.46952589,-118.6033409,17,0,0,U,U,U,U,U,0,,,,,
11/27/21,Los Angeles,LA Pitchess East Facility,34.46952589,-118.6033409,16,0,0,U,U,U,U,U,0,,,,,
12/04/21,Los Angeles,LA Pitchess East Facility,34.46952589,-118.6033409,18,<11,0,U,U,U,U,U,0,,,,,
12/11/21,Los Angeles,LA Pitchess East Facility,34.46952589,-118.6033409,17,0,0,U,U,U,U,U,0,,,,,
12/18/21,Los Angeles,LA Pitchess East Facility,34.46952589,-118.6033409,17,0,0,U,U,U,U,U,0,,,,,
12/25/21,Los Angeles,LA Pitchess East Facility,34.46952589,-118.6033409,17,0,0,U,U,U,U,U,U,,,,,
01/01/22,Los Angeles,LA Pitchess East Facility,34.46952589,-118.6033409,22,0,0,U,U,U,U,U,0,,,,,
01/08/22,Los Angeles,LA Pitchess East Facility,34.46952589,-118.6033409,19,0,0,U,U,U,U,U,0,,,,,
01/15/22,Los Angeles,LA Pitchess East Facility,34.46952589,-118.6033409,20,0,0,U,U,U,U,U,0,,,,,
01/22/22,Los Angeles,LA Pitchess East Facility,34.46952589,-118.6033409,19,0,0,U,U,U,U,U,0,,,,,
01/29/22,Los Angeles,LA Pitchess East Facility,34.46952589,-118.6033409,24,0,0,U,U,U,U,U,0,,,,,
02/05/22,Los Angeles,LA Pitchess East Facility,34.46952589,-118.6033409,24,0,0,U,U,U,U,U,0,,,,,
02/12/22,Los Angeles,LA Pitchess East Facility,34.46952589,-118.6033409,23,0,0,U,U,U,U,U,0,,,,,
02/19/22,Los Angeles,LA Pitchess East Facility,34.46952589,-118.6033409,21,0,0,U,U,U,U,U,0,,,,,
02/26/22,Los Angeles,LA Pitchess East Facility,34.46952589,-118.6033409,21,0,0,U,U,U,U,U,0,,,,,
03/05/22,Los Angeles,LA Pitchess East Facility,34.46952589,-118.6033409,24,0,0,U,U,U,U,U,0,,,,,
07/25/20,Los Angeles,LA Pitchess North Facility,34.46952589,-118.6033409,"1,144",U,<11,U,U,U,U,U,0,*Inmate Deaths- Number reported denotes COVID 19 positive at time of death,,,,
08/01/20,Los Angeles,LA Pitchess North Facility,34.46952589,-118.6033409,"1,146",U,0,U,U,U,U,U,0,,,,,
08/08/20,Los Angeles,LA Pitchess North Facility,34.46952589,-118.6033409,"1,157",<11,0,U,U,U,U,U,0,,,,,
08/22/20,Los Angeles,LA Pitchess North Facility,34.46952589,-118.6033409,"1,124",<11,0,U,U,U,U,U,0,,,,,
08/29/20,Los Angeles,LA Pitchess North Facility,34.46952589,-118.6033409,"1,090",0,0,U,U,U,U,U,0,,,,,
09/05/20,Los Angeles,LA Pitchess North Facility,34.46952589,-118.6033409,"1,079",<11,0,U,U,U,U,U,0,,,,,
09/12/20,Los Angeles,LA Pitchess North Facility,34.46952589,-118.6033409,"1,078",<11,0,U,U,U,U,U,0,,,,,
09/19/20,Los Angeles,LA Pitchess North Facility,34.46952589,-118.6033409,"1,139",<11,<11,U,U,U,U,U,0,,,,,
09/26/20,Los Angeles,LA Pitchess North Facility,34.46952589,-118.6033409,"1,183",<11,<11,U,U,U,U,U,0,,,,,
10/03/20,Los Angeles,LA Pitchess North Facility,34.46952589,-118.6033409,"1,164",<11,0,U,U,U,U,U,0,,,,,
10/10/20,Los Angeles,LA Pitchess North Facility,34.46952589,-118.6033409,"1,213",<11,<11,U,U,U,U,U,0,,,,,
10/17/20,Los Angeles,LA Pitchess North Facility,34.46952589,-118.6033409,"1,289",<11,<11,U,U,U,U,U,0,,,,,
10/24/20,Los Angeles,LA Pitchess North Facility,34.46952589,-118.6033409,"1,292",13,<11,U,U,U,U,U,0,,,,,
10/31/20,Los Angeles,LA Pitchess North Facility,34.46952589,-118.6033409,"1,362",<11,<11,U,U,U,U,U,0,,,,,
11/07/20,Los Angeles,LA Pitchess North Facility,34.46952589,-118.6033409,"1,397",<11,<11,U,U,U,U,U,0,,,,,
11/14/20,Los Angeles,LA Pitchess North Facility,34.46952589,-118.6033409,"1,410",<11,0,U,U,U,U,U,0,,,,,
11/21/20,Los Angeles,LA Pitchess North Facility,34.46952589,-118.6033409,"1,439",<11,0,U,U,U,U,U,<11,,,,,
11/28/20,Los Angeles,LA Pitchess North Facility,34.46952589,-118.6033409,"1,467",<11,<11,U,U,U,U,U,0,,,,,
12/05/20,Los Angeles,LA Pitchess North Facility,34.46952589,-118.6033409,"1,462",<11,<11,U,U,U,U,U,0,,,,,
12/12/20,Los Angeles,LA Pitchess North Facility,34.46952589,-118.6033409,"1,439",<11,0,U,U,U,U,U,0,,,,,
12/19/20,Los Angeles,LA Pitchess North Facility,34.46952589,-118.6033409,"1,402",<11,<11,U,U,U,U,U,0,,,,,
12/26/20,Los Angeles,LA Pitchess North Facility,34.46952589,-118.6033409,"1,401",<11,0,U,U,U,U,U,0,,,,,
01/02/21,Los Angeles,LA Pitchess North Facility,34.46952589,-118.6033409,"1,406",<11,0,U,U,U,U,U,0,,,,,
01/09/21,Los Angeles,LA Pitchess North Facility,34.46952589,-118.6033409,"1,404",<11,0,U,U,U,U,U,0,,,,,
01/16/21,Los Angeles,LA Pitchess North Facility,34.46952589,-118.6033409,"1,429",<11,0,U,U,U,U,U,0,,,,,
01/23/21,Los Angeles,LA Pitchess North Facility,34.46952589,-118.6033409,"1,423",<11,<11,U,U,U,U,U,0,,,,,
01/30/21,Los Angeles,LA Pitchess North Facility,34.46952589,-118.6033409,"1,404",<11,0,U,U,U,U,U,0,,,,,
02/06/21,Los Angeles,LA Pitchess North Facility,34.46952589,-118.6033409,"1,419",<11,0,U,U,U,U,U,0,,,,,
02/13/21,Los Angeles,LA Pitchess North Facility,34.46952589,-118.6033409,"1,430",<11,0,U,U,U,U,U,0,,,,,
02/20/21,Los Angeles,LA Pitchess North Facility,34.46952589,-118.6033409,"1,421",<11,0,U,U,U,U,U,0,,,,,
02/27/21,Los Angeles,LA Pitchess North Facility,34.46952589,-118.6033409,"1,418",<11,0,U,U,U,U,U,0,,,,,
03/06/21,Los Angeles,LA Pitchess North Facility,34.46952589,-118.6033409,"1,428",0,0,U,U,U,U,U,0,,,,,
03/13/21,Los Angeles,LA Pitchess North Facility,34.46952589,-118.6033409,"1,385",<11,0,U,U,U,U,U,0,,,,,
03/20/21,Los Angeles,LA Pitchess North Facility,34.46952589,-118.6033409,"1,346",<11,0,U,U,U,U,U,0,,,,,
03/27/21,Los Angeles,LA Pitchess North Facility,34.46952589,-118.6033409,"1,329",<11,0,U,U,U,U,U,0,,,,,
04/03/21,Los Angeles,LA Pitchess North Facility,34.46952589,-118.6033409,"1,316",<11,0,U,U,U,U,U,0,,,,,
04/10/21,Los Angeles,LA Pitchess North Facility,34.46952589,-118.6033409,"1,321",<11,0,U,U,U,U,U,0,,,,,
04/17/21,Los Angeles,LA Pitchess North Facility,34.46952589,-118.6033409,"1,326",<11,0,U,U,U,U,U,0,,,,,
04/24/21,Los Angeles,LA Pitchess North Facility,34.46952589,-118.6033409,"1,310",<11,0,U,U,U,U,U,0,,,,,
05/01/21,Los Angeles,LA Pitchess North Facility,34.46952589,-118.6033409,"1,289",<11,0,U,U,U,U,U,0,,,,,
05/08/21,Los Angeles,LA Pitchess North Facility,34.46952589,-118.6033409,"1,187",<11,0,U,U,U,U,U,0,,,,,
05/15/21,Los Angeles,LA Pitchess North Facility,34.46952589,-118.6033409,"1,186",<11,0,U,U,U,U,U,0,,,,,
05/22/21,Los Angeles,LA Pitchess North Facility,34.46952589,-118.6033409,"1,194",<11,0,U,U,U,U,U,0,,,,,
05/29/21,Los Angeles,LA Pitchess North Facility,34.46952589,-118.6033409,"1,212",<11,0,U,U,U,U,U,0,,,,,
06/05/21,Los Angeles,LA Pitchess North Facility,34.46952589,-118.6033409,"1,256",<11,0,U,U,U,U,U,0,,,,,
06/12/21,Los Angeles,LA Pitchess North Facility,34.46952589,-118.6033409,"1,261",<11,0,U,U,U,U,U,0,,,,,
06/19/21,Los Angeles,LA Pitchess North Facility,34.46952589,-118.6033409,"1,247",<11,0,U,U,U,U,U,0,,,,,
06/26/21,Los Angeles,LA Pitchess North Facility,34.46952589,-118.6033409,"1,258",<11,0,U,U,U,U,U,0,,,,,
07/03/21,Los Angeles,LA Pitchess North Facility,34.46952589,-118.6033409,"1,222",<11,<11,U,U,U,U,U,0,,,,,
07/10/21,Los Angeles,LA Pitchess North Facility,34.46952589,-118.6033409,"1,198",<11,0,U,U,U,U,U,0,,,,,
07/17/21,Los Angeles,LA Pitchess North Facility,34.46952589,-118.6033409,"1,252",<11,0,U,U,U,U,U,0,,,,,
07/24/21,Los Angeles,LA Pitchess North Facility,34.46952589,-118.6033409,"1,238",<11,0,U,U,U,U,U,0,,,,,
07/31/21,Los Angeles,LA Pitchess North Facility,34.46952589,-118.6033409,"1,227",<11,0,U,U,U,U,U,0,,,,,
08/07/21,Los Angeles,LA Pitchess North Facility,34.46952589,-118.6033409,"1,222",<11,<11,U,U,U,U,U,0,,,,,
08/14/21,Los Angeles,LA Pitchess North Facility,34.46952589,-118.6033409,"1,203",11,<11,U,U,U,U,U,0,,,,,
08/21/21,Los Angeles,LA Pitchess North Facility,34.46952589,-118.6033409,"1,186",<11,<11,U,U,U,U,U,0,,,,,
08/28/21,Los Angeles,LA Pitchess North Facility,34.46952589,-118.6033409,"1,242",<11,<11,U,U,U,U,U,0,,,,,
09/04/21,Los Angeles,LA Pitchess North Facility,34.46952589,-118.6033409,"1,208",<11,<11,U,U,U,U,U,0,,,,,
09/11/21,Los Angeles,LA Pitchess North Facility,34.46952589,-118.6033409,"1,209",<11,<11,U,U,U,U,U,0,,,,,
09/18/21,Los Angeles,LA Pitchess North Facility,34.46952589,-118.6033409,"1,232",<11,<11,U,U,U,U,U,0,,,,,
09/25/21,Los Angeles,LA Pitchess North Facility,34.46952589,-118.6033409,"1,234",<11,0,U,U,U,U,U,0,,,,,
10/02/21,Los Angeles,LA Pitchess North Facility,34.46952589,-118.6033409,"1,255",<11,0,U,U,U,U,U,0,,,,,
10/09/21,Los Angeles,LA Pitchess North Facility,34.46952589,-118.6033409,"1,289",<11,0,U,U,U,U,U,0,,,,,
10/16/21,Los Angeles,LA Pitchess North Facility,34.46952589,-118.6033409,"1,262",<11,0,U,U,U,U,U,0,,,,,
10/23/21,Los Angeles,LA Pitchess North Facility,34.46952589,-118.6033409,"1,185",44,<11,U,U,U,U,U,0,,,,,
10/30/21,Los Angeles,LA Pitchess North Facility,34.46952589,-118.6033409,"1,201",<11,0,U,U,U,U,U,0,,,,,
11/06/21,Los Angeles,LA Pitchess North Facility,34.46952589,-118.6033409,"1,163",53,<11,U,U,U,U,U,0,,,,,
11/13/21,Los Angeles,LA Pitchess North Facility,34.46952589,-118.6033409,"1,179",<11,0,U,U,U,U,U,0,,,,,
11/20/21,Los Angeles,LA Pitchess North Facility,34.46952589,-118.6033409,"1,216",<11,<11,U,U,U,U,U,0,,,,,
11/27/21,Los Angeles,LA Pitchess North Facility,34.46952589,-118.6033409,"1,167",<11,<11,U,U,U,U,U,0,,,,,
12/04/21,Los Angeles,LA Pitchess North Facility,34.46952589,-118.6033409,"1,172",<11,<11,U,U,U,U,U,0,,,,,
12/11/21,Los Angeles,LA Pitchess North Facility,34.46952589,-118.6033409,"1,167",<11,<11,U,U,U,U,U,0,,,,,
12/18/21,Los Angeles,LA Pitchess North Facility,34.46952589,-118.6033409,"1,125",<11,<11,U,U,U,U,U,0,,,,,
12/25/21,Los Angeles,LA Pitchess North Facility,34.46952589,-118.6033409,"1,066",<11,0,U,U,U,U,U,U,,,,,
01/01/22,Los Angeles,LA Pitchess North Facility,34.46952589,-118.6033409,"1,118",<11,<11,U,U,U,U,U,0,,,,,
01/08/22,Los Angeles,LA Pitchess North Facility,34.46952589,-118.6033409,"1,110",<11,<11,U,U,U,U,U,0,,,,,
01/15/22,Los Angeles,LA Pitchess North Facility,34.46952589,-118.6033409,"1,127",<11,<11,U,U,U,U,U,0,,,,,
01/22/22,Los Angeles,LA Pitchess North Facility,34.46952589,-118.6033409,"1,139",<11,<11,U,U,U,U,U,0,,,,,
01/29/22,Los Angeles,LA Pitchess North Facility,34.46952589,-118.6033409,"1,147",<11,<11,U,U,U,U,U,0,,,,,
02/05/22,Los Angeles,LA Pitchess North Facility,34.46952589,-118.6033409,"1,165",<11,<11,U,U,U,U,U,0,,,,,
02/12/22,Los Angeles,LA Pitchess North Facility,34.46952589,-118.6033409,"1,202",<11,0,U,U,U,U,U,0,,,,,
02/19/22,Los Angeles,LA Pitchess North Facility,34.46952589,-118.6033409,"1,206",<11,0,U,U,U,U,U,0,,,,,
02/26/22,Los Angeles,LA Pitchess North Facility,34.46952589,-118.6033409,"1,201",<11,<11,U,U,U,U,U,0,,,,,
03/05/22,Los Angeles,LA Pitchess North Facility,34.46952589,-118.6033409,"1,215",<11,0,U,U,U,U,U,0,,,,,
07/25/20,Los Angeles,LA Pitchess South (No. Annex),34.46952589,-118.6033409,493,U,0,U,U,U,U,U,0,*Inmate Deaths- Number reported denotes COVID 19 positive at time of death,,,,
08/01/20,Los Angeles,LA Pitchess South (No. Annex),34.46952589,-118.6033409,482,U,0,U,U,U,U,U,0,,,,,
08/08/20,Los Angeles,LA Pitchess South (No. Annex),34.46952589,-118.6033409,469,<11,0,U,U,U,U,U,0,,,,,
08/15/20,Los Angeles,LA Pitchess South (No. Annex),34.46952589,-118.6033409,452,<11,0,U,U,U,U,U,0,,,,,
08/22/20,Los Angeles,LA Pitchess South (No. Annex),34.46952589,-118.6033409,421,0,0,U,U,U,U,U,0,,,,,
08/29/20,Los Angeles,LA Pitchess South (No. Annex),34.46952589,-118.6033409,415,<11,0,U,U,U,U,U,0,,,,,
09/05/20,Los Angeles,LA Pitchess South (No. Annex),34.46952589,-118.6033409,403,0,0,U,U,U,U,U,0,,,,,
09/12/20,Los Angeles,LA Pitchess South (No. Annex),34.46952589,-118.6033409,418,<11,<11,U,U,U,U,U,0,,,,,
09/19/20,Los Angeles,LA Pitchess South (No. Annex),34.46952589,-118.6033409,487,<11,0,U,U,U,U,U,0,,,,,
09/26/20,Los Angeles,LA Pitchess South (No. Annex),34.46952589,-118.6033409,629,<11,<11,U,U,U,U,U,0,,,,,
10/03/20,Los Angeles,LA Pitchess South (No. Annex),34.46952589,-118.6033409,666,0,0,U,U,U,U,U,0,,,,,
10/10/20,Los Angeles,LA Pitchess South (No. Annex),34.46952589,-118.6033409,662,<11,<11,U,U,U,U,U,0,,,,,
10/17/20,Los Angeles,LA Pitchess South (No. Annex),34.46952589,-118.6033409,644,<11,<11,U,U,U,U,U,0,,,,,
10/24/20,Los Angeles,LA Pitchess South (No. Annex),34.46952589,-118.6033409,476,0,0,U,U,U,U,U,0,,,,,
10/31/20,Los Angeles,LA Pitchess South (No. Annex),34.46952589,-118.6033409,282,0,0,U,U,U,U,U,0,,,,,
11/07/20,Los Angeles,LA Pitchess South (No. Annex),34.46952589,-118.6033409,275,<11,0,U,U,U,U,U,0,,,,,
11/14/20,Los Angeles,LA Pitchess South (No. Annex),34.46952589,-118.6033409,285,0,0,U,U,U,U,U,0,,,,,
11/21/20,Los Angeles,LA Pitchess South (No. Annex),34.46952589,-118.6033409,235,<11,<11,U,U,U,U,U,0,,,,,
11/28/20,Los Angeles,LA Pitchess South (No. Annex),34.46952589,-118.6033409,242,<11,0,U,U,U,U,U,0,,,,,
12/05/20,Los Angeles,LA Pitchess South (No. Annex),34.46952589,-118.6033409,302,<11,0,U,U,U,U,U,0,,,,,
12/12/20,Los Angeles,LA Pitchess South (No. Annex),34.46952589,-118.6033409,532,<11,<11,U,U,U,U,U,0,,,,,
12/19/20,Los Angeles,LA Pitchess South (No. Annex),34.46952589,-118.6033409,706,<11,0,U,U,U,U,U,0,,,,,
12/26/20,Los Angeles,LA Pitchess South (No. Annex),34.46952589,-118.6033409,762,<11,<11,U,U,U,U,U,0,,,,,
01/02/21,Los Angeles,LA Pitchess South (No. Annex),34.46952589,-118.6033409,825,<11,0,U,U,U,U,U,0,,,,,
01/09/21,Los Angeles,LA Pitchess South (No. Annex),34.46952589,-118.6033409,855,<11,0,U,U,U,U,U,0,,,,,
01/16/21,Los Angeles,LA Pitchess South (No. Annex),34.46952589,-118.6033409,885,<11,<11,U,U,U,U,U,0,,,,,
01/23/21,Los Angeles,LA Pitchess South (No. Annex),34.46952589,-118.6033409,877,<11,0,U,U,U,U,U,0,,,,,
01/30/21,Los Angeles,LA Pitchess South (No. Annex),34.46952589,-118.6033409,889,<11,0,U,U,U,U,U,0,,,,,
02/06/21,Los Angeles,LA Pitchess South (No. Annex),34.46952589,-118.6033409,911,<11,<11,U,U,U,U,U,0,,,,,
02/13/21,Los Angeles,LA Pitchess South (No. Annex),34.46952589,-118.6033409,920,0,0,U,U,U,U,U,0,,,,,
02/20/21,Los Angeles,LA Pitchess South (No. Annex),34.46952589,-118.6033409,923,<11,<11,U,U,U,U,U,0,,,,,
02/27/21,Los Angeles,LA Pitchess South (No. Annex),34.46952589,-118.6033409,940,<11,0,U,U,U,U,U,0,,,,,
03/06/21,Los Angeles,LA Pitchess South (No. Annex),34.46952589,-118.6033409,961,<11,0,U,U,U,U,U,0,,,,,
03/13/21,Los Angeles,LA Pitchess South (No. Annex),34.46952589,-118.6033409,969,<11,<11,U,U,U,U,U,0,,,,,
03/20/21,Los Angeles,LA Pitchess South (No. Annex),34.46952589,-118.6033409,959,<11,0,U,U,U,U,U,0,,,,,
03/27/21,Los Angeles,LA Pitchess South (No. Annex),34.46952589,-118.6033409,950,<11,0,U,U,U,U,U,0,,,,,
04/03/21,Los Angeles,LA Pitchess South (No. Annex),34.46952589,-118.6033409,960,<11,0,U,U,U,U,U,0,,,,,
04/10/21,Los Angeles,LA Pitchess South (No. Annex),34.46952589,-118.6033409,956,<11,0,U,U,U,U,U,0,,,,,
04/17/21,Los Angeles,LA Pitchess South (No. Annex),34.46952589,-118.6033409,973,<11,0,U,U,U,U,U,0,,,,,
04/24/21,Los Angeles,LA Pitchess South (No. Annex),34.46952589,-118.6033409,995,<11,0,U,U,U,U,U,0,,,,,
05/01/21,Los Angeles,LA Pitchess South (No. Annex),34.46952589,-118.6033409,967,<11,0,U,U,U,U,U,0,,,,,
05/08/21,Los Angeles,LA Pitchess South (No. Annex),34.46952589,-118.6033409,"1,000",<11,0,U,U,U,U,U,0,,,,,
05/15/21,Los Angeles,LA Pitchess South (No. Annex),34.46952589,-118.6033409,"1,093",<11,0,U,U,U,U,U,0,,,,,
05/22/21,Los Angeles,LA Pitchess South (No. Annex),34.46952589,-118.6033409,"1,202",<11,0,U,U,U,U,U,0,,,,,
05/29/21,Los Angeles,LA Pitchess South (No. Annex),34.46952589,-118.6033409,"1,285",<11,0,U,U,U,U,U,0,,,,,
06/05/21,Los Angeles,LA Pitchess South (No. Annex),34.46952589,-118.6033409,"1,308",<11,0,U,U,U,U,U,0,,,,,
06/12/21,Los Angeles,LA Pitchess South (No. Annex),34.46952589,-118.6033409,"1,331",0,0,U,U,U,U,U,0,,,,,
06/19/21,Los Angeles,LA Pitchess South (No. Annex),34.46952589,-118.6033409,U,<11,0,U,U,U,U,U,0,,,,,
06/26/21,Los Angeles,LA Pitchess South (No. Annex),34.46952589,-118.6033409,"1,316",<11,0,U,U,U,U,U,0,,,,,
07/03/21,Los Angeles,LA Pitchess South (No. Annex),34.46952589,-118.6033409,"1,309",<11,0,U,U,U,U,U,0,,,,,
07/10/21,Los Angeles,LA Pitchess South (No. Annex),34.46952589,-118.6033409,"1,320",<11,0,U,U,U,U,U,0,,,,,
07/17/21,Los Angeles,LA Pitchess South (No. Annex),34.46952589,-118.6033409,"1,321",<11,0,U,U,U,U,U,0,,,,,
07/24/21,Los Angeles,LA Pitchess South (No. Annex),34.46952589,-118.6033409,"1,316",<11,<11,U,U,U,U,U,0,,,,,
07/31/21,Los Angeles,LA Pitchess South (No. Annex),34.46952589,-118.6033409,"1,299",<11,<11,U,U,U,U,U,0,,,,,
08/07/21,Los Angeles,LA Pitchess South (No. Annex),34.46952589,-118.6033409,"1,302",<11,<11,U,U,U,U,U,0,,,,,
08/14/21,Los Angeles,LA Pitchess South (No. Annex),34.46952589,-118.6033409,"1,296",<11,<11,U,U,U,U,U,0,,,,,
08/21/21,Los Angeles,LA Pitchess South (No. Annex),34.46952589,-118.6033409,"1,259",<11,<11,U,U,U,U,U,0,,,,,
08/28/21,Los Angeles,LA Pitchess South (No. Annex),34.46952589,-118.6033409,"1,244",<11,<11,U,U,U,U,U,0,,,,,
09/04/21,Los Angeles,LA Pitchess South (No. Annex),34.46952589,-118.6033409,"1,212",58,<11,U,U,U,U,U,0,,,,,
09/11/21,Los Angeles,LA Pitchess South (No. Annex),34.46952589,-118.6033409,"1,177",11,<11,U,U,U,U,U,0,,,,,
09/18/21,Los Angeles,LA Pitchess South (No. Annex),34.46952589,-118.6033409,"1,168",<11,0,U,U,U,U,U,0,,,,,
09/25/21,Los Angeles,LA Pitchess South (No. Annex),34.46952589,-118.6033409,996,66,<11,U,U,U,U,U,0,,,,,
10/02/21,Los Angeles,LA Pitchess South (No. Annex),34.46952589,-118.6033409,973,<11,0,U,U,U,U,U,0,,,,,
10/09/21,Los Angeles,LA Pitchess South (No. Annex),34.46952589,-118.6033409,944,11,<11,U,U,U,U,U,0,,,,,
10/16/21,Los Angeles,LA Pitchess South (No. Annex),34.46952589,-118.6033409,871,0,0,U,U,U,U,U,0,,,,,
10/23/21,Los Angeles,LA Pitchess South (No. Annex),34.46952589,-118.6033409,810,<11,0,U,U,U,U,U,0,,,,,
10/30/21,Los Angeles,LA Pitchess South (No. Annex),34.46952589,-118.6033409,834,64,0,U,U,U,U,U,0,,,,,
11/06/21,Los Angeles,LA Pitchess South (No. Annex),34.46952589,-118.6033409,746,57,<11,U,U,U,U,U,0,,,,,
11/13/21,Los Angeles,LA Pitchess South (No. Annex),34.46952589,-118.6033409,731,<11,0,U,U,U,U,U,0,,,,,
11/20/21,Los Angeles,LA Pitchess South (No. Annex),34.46952589,-118.6033409,718,16,<11,U,U,U,U,U,0,,,,,
11/27/21,Los Angeles,LA Pitchess South (No. Annex),34.46952589,-118.6033409,694,25,<11,U,U,U,U,U,0,,,,,
12/04/21,Los Angeles,LA Pitchess South (No. Annex),34.46952589,-118.6033409,678,<11,0,U,U,U,U,U,0,,,,,
12/11/21,Los Angeles,LA Pitchess South (No. Annex),34.46952589,-118.6033409,661,<11,<11,U,U,U,U,U,0,,,,,
12/18/21,Los Angeles,LA Pitchess South (No. Annex),34.46952589,-118.6033409,661,<11,0,U,U,U,U,U,0,,,,,
12/25/21,Los Angeles,LA Pitchess South (No. Annex),34.46952589,-118.6033409,631,<11,<11,U,U,U,U,U,U,,,,,
01/01/22,Los Angeles,LA Pitchess South (No. Annex),34.46952589,-118.6033409,645,<11,<11,U,U,U,U,U,0,,,,,
01/08/22,Los Angeles,LA Pitchess South (No. Annex),34.46952589,-118.6033409,633,<11,<11,U,U,U,U,U,0,,,,,
01/15/22,Los Angeles,LA Pitchess South (No. Annex),34.46952589,-118.6033409,661,<11,<11,U,U,U,U,U,0,,,,,
01/22/22,Los Angeles,LA Pitchess South (No. Annex),34.46952589,-118.6033409,634,<11,<11,U,U,U,U,U,0,,,,,
01/29/22,Los Angeles,LA Pitchess South (No. Annex),34.46952589,-118.6033409,664,<11,0,U,U,U,U,U,0,,,,,
02/05/22,Los Angeles,LA Pitchess South (No. Annex),34.46952589,-118.6033409,694,0,0,U,U,U,U,U,0,,,,,
02/12/22,Los Angeles,LA Pitchess South (No. Annex),34.46952589,-118.6033409,727,0,0,U,U,U,U,U,0,,,,,
02/19/22,Los Angeles,LA Pitchess South (No. Annex),34.46952589,-118.6033409,755,<11,<11,U,U,U,U,U,0,,,,,
02/26/22,Los Angeles,LA Pitchess South (No. Annex),34.46952589,-118.6033409,751,<11,0,U,U,U,U,U,0,,,,,
03/05/22,Los Angeles,LA Pitchess South (No. Annex),34.46952589,-118.6033409,771,<11,0,U,U,U,U,U,0,,,,,
08/15/20,Los Angeles,LA Pitchness North Facility,34.46952589,-118.6033409,"1,151",<11,0,U,U,U,U,U,0,,,,,
07/25/20,Los Angeles,LA Twin Towers Corr. Facility,34.05938079,-118.2299698,"2,830",U,<11,U,U,U,U,U,0,*Inmate Deaths - Number reported denotes COVID 19 positive at time of death,,,,
08/01/20,Los Angeles,LA Twin Towers Corr. Facility,34.05938079,-118.2299698,"2,854",U,<11,U,U,U,U,U,0,,,,,
08/08/20,Los Angeles,LA Twin Towers Corr. Facility,34.05938079,-118.2299698,"2,905",46,12,U,U,U,U,U,0,,,,,
08/15/20,Los Angeles,LA Twin Towers Corr. Facility,34.05938079,-118.2299698,"2,975",47,<11,U,U,U,U,U,0,,,,,
08/22/20,Los Angeles,LA Twin Towers Corr. Facility,34.05938079,-118.2299698,"2,947",58,<11,U,U,U,U,U,0,,,,,
08/29/20,Los Angeles,LA Twin Towers Corr. Facility,34.05938079,-118.2299698,"3,018",75,<11,U,U,U,U,U,0,,,,,
09/05/20,Los Angeles,LA Twin Towers Corr. Facility,34.05938079,-118.2299698,"3,031",69,<11,U,U,U,U,U,0,,,,,
09/12/20,Los Angeles,LA Twin Towers Corr. Facility,34.05938079,-118.2299698,"3,083",66,<11,U,U,U,U,U,0,,,,,
09/19/20,Los Angeles,LA Twin Towers Corr. Facility,34.05938079,-118.2299698,"3,119",65,<11,U,U,U,U,U,0,,,,,
09/26/20,Los Angeles,LA Twin Towers Corr. Facility,34.05938079,-118.2299698,"3,165",71,<11,U,U,U,U,U,0,,,,,
10/03/20,Los Angeles,LA Twin Towers Corr. Facility,34.05938079,-118.2299698,"3,188",176,17,U,U,U,U,U,0,,,,,
10/10/20,Los Angeles,LA Twin Towers Corr. Facility,34.05938079,-118.2299698,"3,195",89,<11,U,U,U,U,U,0,,,,,
10/17/20,Los Angeles,LA Twin Towers Corr. Facility,34.05938079,-118.2299698,"3,202",174,13,U,U,U,U,U,0,,,,,
10/24/20,Los Angeles,LA Twin Towers Corr. Facility,34.05938079,-118.2299698,"3,211",87,<11,U,U,U,U,U,0,,,,,
10/31/20,Los Angeles,LA Twin Towers Corr. Facility,34.05938079,-118.2299698,"3,150",90,<11,U,U,U,U,U,0,,,,,
11/07/20,Los Angeles,LA Twin Towers Corr. Facility,34.05938079,-118.2299698,"3,189",130,<11,U,U,U,U,U,0,,,,,
11/14/20,Los Angeles,LA Twin Towers Corr. Facility,34.05938079,-118.2299698,"3,184",91,<11,U,U,U,U,U,0,,,,,
11/21/20,Los Angeles,LA Twin Towers Corr. Facility,34.05938079,-118.2299698,"3,182",89,<11,U,U,U,U,U,0,,,,,
11/28/20,Los Angeles,LA Twin Towers Corr. Facility,34.05938079,-118.2299698,"3,208",81,<11,U,U,U,U,U,0,,,,,
12/05/20,Los Angeles,LA Twin Towers Corr. Facility,34.05938079,-118.2299698,"3,224",109,<11,U,U,U,U,U,0,,,,,
12/12/20,Los Angeles,LA Twin Towers Corr. Facility,34.05938079,-118.2299698,"3,226",145,22,U,U,U,U,U,0,,,,,
12/19/20,Los Angeles,LA Twin Towers Corr. Facility,34.05938079,-118.2299698,"3,171",184,31,U,U,U,U,U,0,,,,,
12/26/20,Los Angeles,LA Twin Towers Corr. Facility,34.05938079,-118.2299698,"3,131",107,21,U,U,U,U,U,0,,,,,
01/02/21,Los Angeles,LA Twin Towers Corr. Facility,34.05938079,-118.2299698,"3,144",53,17,U,U,U,U,U,0,,,,,
01/09/21,Los Angeles,LA Twin Towers Corr. Facility,34.05938079,-118.2299698,"3,140",86,12,U,U,U,U,U,0,,,,,
01/16/21,Los Angeles,LA Twin Towers Corr. Facility,34.05938079,-118.2299698,"3,088",125,16,U,U,U,U,U,<11,,,,,
01/23/21,Los Angeles,LA Twin Towers Corr. Facility,34.05938079,-118.2299698,"3,076",81,<11,U,U,U,U,U,0,,,,,
01/30/21,Los Angeles,LA Twin Towers Corr. Facility,34.05938079,-118.2299698,"3,083",109,<11,U,U,U,U,U,0,,,,,
02/06/21,Los Angeles,LA Twin Towers Corr. Facility,34.05938079,-118.2299698,"3,090",81,<11,U,U,U,U,U,0,,,,,
02/13/21,Los Angeles,LA Twin Towers Corr. Facility,34.05938079,-118.2299698,"3,134",102,<11,U,U,U,U,U,0,,,,,
02/20/21,Los Angeles,LA Twin Towers Corr. Facility,34.05938079,-118.2299698,"3,147",75,0,U,U,U,U,U,0,,,,,
02/27/21,Los Angeles,LA Twin Towers Corr. Facility,34.05938079,-118.2299698,"3,157",66,<11,U,U,U,U,U,0,,,,,
03/06/21,Los Angeles,LA Twin Towers Corr. Facility,34.05938079,-118.2299698,"3,176",168,<11,U,U,U,U,U,0,,,,,
03/13/21,Los Angeles,LA Twin Towers Corr. Facility,34.05938079,-118.2299698,"3,200",152,<11,U,U,U,U,U,0,,,,,
03/20/21,Los Angeles,LA Twin Towers Corr. Facility,34.05938079,-118.2299698,"3,186",107,0,U,U,U,U,U,0,,,,,
03/27/21,Los Angeles,LA Twin Towers Corr. Facility,34.05938079,-118.2299698,"3,155",109,<11,U,U,U,U,U,0,,,,,
04/03/21,Los Angeles,LA Twin Towers Corr. Facility,34.05938079,-118.2299698,"3,134",88,<11,U,U,U,U,U,0,,,,,
04/10/21,Los Angeles,LA Twin Towers Corr. Facility,34.05938079,-118.2299698,"3,154",109,<11,U,U,U,U,U,0,,,,,
04/17/21,Los Angeles,LA Twin Towers Corr. Facility,34.05938079,-118.2299698,"3,156",112,0,U,U,U,U,U,0,,,,,
04/24/21,Los Angeles,LA Twin Towers Corr. Facility,34.05938079,-118.2299698,"3,168",156,<11,U,U,U,U,U,0,,,,,
05/01/21,Los Angeles,LA Twin Towers Corr. Facility,34.05938079,-118.2299698,"3,103",128,<11,U,U,U,U,U,0,,,,,
05/08/21,Los Angeles,LA Twin Towers Corr. Facility,34.05938079,-118.2299698,"3,125",79,<11,U,U,U,U,U,0,,,,,
05/15/21,Los Angeles,LA Twin Towers Corr. Facility,34.05938079,-118.2299698,"2,990",110,0,U,U,U,U,U,0,,,,,
05/22/21,Los Angeles,LA Twin Towers Corr. Facility,34.05938079,-118.2299698,"2,958",115,0,U,U,U,U,U,0,,,,,
05/29/21,Los Angeles,LA Twin Towers Corr. Facility,34.05938079,-118.2299698,"2,979",130,0,U,U,U,U,U,0,,,,,
06/05/21,Los Angeles,LA Twin Towers Corr. Facility,34.05938079,-118.2299698,"3,010",92,0,U,U,U,U,U,0,,,,,
06/12/21,Los Angeles,LA Twin Towers Corr. Facility,34.05938079,-118.2299698,"2,952",80,<11,U,U,U,U,U,0,,,,,
06/19/21,Los Angeles,LA Twin Towers Corr. Facility,34.05938079,-118.2299698,"2,971",51,<11,U,U,U,U,U,0,,,,,
06/26/21,Los Angeles,LA Twin Towers Corr. Facility,34.05938079,-118.2299698,"3,056",90,<11,U,U,U,U,U,0,,,,,
07/03/21,Los Angeles,LA Twin Towers Corr. Facility,34.05938079,-118.2299698,"3,021",51,<11,U,U,U,U,U,0,,,,,
07/10/21,Los Angeles,LA Twin Towers Corr. Facility,34.05938079,-118.2299698,"3,029",102,0,U,U,U,U,U,0,,,,,
07/17/21,Los Angeles,LA Twin Towers Corr. Facility,34.05938079,-118.2299698,"3,043",66,<11,U,U,U,U,U,0,,,,,
07/24/21,Los Angeles,LA Twin Towers Corr. Facility,34.05938079,-118.2299698,"3,064",47,<11,U,U,U,U,U,0,,,,,
07/31/21,Los Angeles,LA Twin Towers Corr. Facility,34.05938079,-118.2299698,"3,073",64,15,U,U,U,U,U,0,,,,,
08/07/21,Los Angeles,LA Twin Towers Corr. Facility,34.05938079,-118.2299698,"3,116",93,13,U,U,U,U,U,0,,,,,
08/14/21,Los Angeles,LA Twin Towers Corr. Facility,34.05938079,-118.2299698,"3,164",53,17,U,U,U,U,U,0,,,,,
08/21/21,Los Angeles,LA Twin Towers Corr. Facility,34.05938079,-118.2299698,"3,068",73,16,U,U,U,U,U,0,,,,,
08/28/21,Los Angeles,LA Twin Towers Corr. Facility,34.05938079,-118.2299698,"3,139",52,12,U,U,U,U,U,0,,,,,
09/04/21,Los Angeles,LA Twin Towers Corr. Facility,34.05938079,-118.2299698,"3,129",32,<11,U,U,U,U,U,0,,,,,
09/11/21,Los Angeles,LA Twin Towers Corr. Facility,34.05938079,-118.2299698,"3,083",33,<11,U,U,U,U,U,0,,,,,
09/18/21,Los Angeles,LA Twin Towers Corr. Facility,34.05938079,-118.2299698,"3,191",49,<11,U,U,U,U,U,0,,,,,
09/25/21,Los Angeles,LA Twin Towers Corr. Facility,34.05938079,-118.2299698,"3,165",44,<11,U,U,U,U,U,0,,,,,
10/02/21,Los Angeles,LA Twin Towers Corr. Facility,34.05938079,-118.2299698,"3,042",90,11,U,U,U,U,U,0,,,,,
10/09/21,Los Angeles,LA Twin Towers Corr. Facility,34.05938079,-118.2299698,"3,021",109,<11,U,U,U,U,U,0,,,,,
10/16/21,Los Angeles,LA Twin Towers Corr. Facility,34.05938079,-118.2299698,"2,987",119,<11,U,U,U,U,U,0,,,,,
10/23/21,Los Angeles,LA Twin Towers Corr. Facility,34.05938079,-118.2299698,"2,930",77,<11,U,U,U,U,U,0,,,,,
10/30/21,Los Angeles,LA Twin Towers Corr. Facility,34.05938079,-118.2299698,"2,906",145,<11,U,U,U,U,U,0,,,,,
11/06/21,Los Angeles,LA Twin Towers Corr. Facility,34.05938079,-118.2299698,"2,926",127,<11,U,U,U,U,U,0,,,,,
11/13/21,Los Angeles,LA Twin Towers Corr. Facility,34.05938079,-118.2299698,"2,887",98,<11,U,U,U,U,U,0,,,,,
11/20/21,Los Angeles,LA Twin Towers Corr. Facility,34.05938079,-118.2299698,"2,856",99,15,U,U,U,U,U,0,,,,,
11/27/21,Los Angeles,LA Twin Towers Corr. Facility,34.05938079,-118.2299698,"2,901",55,11,U,U,U,U,U,0,,,,,
12/04/21,Los Angeles,LA Twin Towers Corr. Facility,34.05938079,-118.2299698,"2,866",120,31,U,U,U,U,U,0,,,,,
12/11/21,Los Angeles,LA Twin Towers Corr. Facility,34.05938079,-118.2299698,"2,840",81,13,U,U,U,U,U,0,,,,,
12/18/21,Los Angeles,LA Twin Towers Corr. Facility,34.05938079,-118.2299698,"2,842",94,<11,U,U,U,U,U,0,,,,,
12/25/21,Los Angeles,LA Twin Towers Corr. Facility,34.05938079,-118.2299698,"2,877",71,<11,U,U,U,U,U,U,,,,,
01/01/22,Los Angeles,LA Twin Towers Corr. Facility,34.05938079,-118.2299698,"2,844",61,<11,U,U,U,U,U,0,,,,,
01/08/22,Los Angeles,LA Twin Towers Corr. Facility,34.05938079,-118.2299698,"2,875",76,13,U,U,U,U,U,0,,,,,
01/15/22,Los Angeles,LA Twin Towers Corr. Facility,34.05938079,-118.2299698,"2,955",62,33,U,U,U,U,U,0,,,,,
01/22/22,Los Angeles,LA Twin Towers Corr. Facility,34.05938079,-118.2299698,"2,988",61,34,U,U,U,U,U,0,,,,,
01/29/22,Los Angeles,LA Twin Towers Corr. Facility,34.05938079,-118.2299698,"2,938",49,18,U,U,U,U,U,0,,,,,
02/05/22,Los Angeles,LA Twin Towers Corr. Facility,34.05938079,-118.2299698,"2,912",70,15,U,U,U,U,U,0,,,,,
02/12/22,Los Angeles,LA Twin Towers Corr. Facility,34.05938079,-118.2299698,"2,879",91,<11,U,U,U,U,U,<11,,,,,
02/19/22,Los Angeles,LA Twin Towers Corr. Facility,34.05938079,-118.2299698,"2,865",63,0,U,U,U,U,U,0,,,,,
02/26/22,Los Angeles,LA Twin Towers Corr. Facility,34.05938079,-118.2299698,"2,903",62,<11,U,U,U,U,U,0,,,,,
03/05/22,Los Angeles,LA Twin Towers Corr. Facility,34.05938079,-118.2299698,"2,904",68,<11,U,U,U,U,U,U,,,,,
07/25/20,Los Angeles,,,,,,,,,,,,,,U,<11,U,
08/01/20,Los Angeles,,,,,,,,,,,,,,U,<11,U,
08/08/20,Los Angeles,,,,,,,,,,,,,,<11,<11,U,
08/15/20,Los Angeles,,,,,,,,,,,,,,17,<11,U,
08/22/20,Los Angeles,,,,,,,,,,,,,,14,<11,U,
08/29/20,Los Angeles,,,,,,,,,,,,,,23,<11,U,
09/05/20,Los Angeles,,,,,,,,,,,,,,20,<11,U,
09/12/20,Los Angeles,,,,,,,,,,,,,,16,<11,U,
09/19/20,Los Angeles,,,,,,,,,,,,,,18,11,U,
09/26/20,Los Angeles,,,,,,,,,,,,,,25,<11,U,
10/03/20,Los Angeles,,,,,,,,,,,,,,40,22,U,
10/10/20,Los Angeles,,,,,,,,,,,,,,21,13,U,
10/17/20,Los Angeles,,,,,,,,,,,,,,20,<11,U,
10/24/20,Los Angeles,,,,,,,,,,,,,,18,13,U,
10/31/20,Los Angeles,,,,,,,,,,,,,,17,11,U,
11/07/20,Los Angeles,,,,,,,,,,,,,,<11,<11,U,
11/14/20,Los Angeles,,,,,,,,,,,,,,22,15,U,
11/21/20,Los Angeles,,,,,,,,,,,,,,51,22,U,
11/28/20,Los Angeles,,,,,,,,,,,,,,46,21,U,
12/05/20,Los Angeles,,,,,,,,,,,,,,78,29,U,
12/12/20,Los Angeles,,,,,,,,,,,,,,211,75,U,
12/19/20,Los Angeles,,,,,,,,,,,,,,171,134,U,
12/26/20,Los Angeles,,,,,,,,,,,,,,122,85,U,
01/02/21,Los Angeles,,,,,,,,,,,,,,133,89,U,
01/09/21,Los Angeles,,,,,,,,,,,,,,94,62,U,
01/16/21,Los Angeles,,,,,,,,,,,,,,<11,18,U,
01/23/21,Los Angeles,,,,,,,,,,,,,,42,30,U,
01/30/21,Los Angeles,,,,,,,,,,,,,,38,27,U,
02/06/21,Los Angeles,,,,,,,,,,,,,,22,19,U,
02/13/21,Los Angeles,,,,,,,,,,,,,,<11,<11,U,
02/20/21,Los Angeles,,,,,,,,,,,,,,<11,<11,U,
02/27/21,Los Angeles,,,,,,,,,,,,,,13,<11,U,
03/06/21,Los Angeles,,,,,,,,,,,,,,<11,<11,U,
03/13/21,Los Angeles,,,,,,,,,,,,,,<11,<11,U,
03/20/21,Los Angeles,,,,,,,,,,,,,,<11,<11,U,
03/27/21,Los Angeles,,,,,,,,,,,,,,<11,<11,U,
04/03/21,Los Angeles,,,,,,,,,,,,,,12,<11,U,
04/10/21,Los Angeles,,,,,,,,,,,,,,0,0,U,
04/17/21,Los Angeles,,,,,,,,,,,,,,<11,<11,U,
04/24/21,Los Angeles,,,,,,,,,,,,,,<11,<11,U,
05/01/21,Los Angeles,,,,,,,,,,,,,,<11,<11,U,
05/08/21,Los Angeles,,,,,,,,,,,,,,<11,<11,U,
05/15/21,Los Angeles,,,,,,,,,,,,,,<11,<11,U,
05/22/21,Los Angeles,,,,,,,,,,,,,,<11,<11,U,
05/29/21,Los Angeles,,,,,,,,,,,,,,<11,0,U,
06/05/21,Los Angeles,,,,,,,,,,,,,,0,0,U,
06/12/21,Los Angeles,,,,,,,,,,,,,,0,0,U,
06/19/21,Los Angeles,,,,,,,,,,,,,,<11,0,U,
06/26/21,Los Angeles,,,,,,,,,,,,,,<11,0,U,
07/03/21,Los Angeles,,,,,,,,,,,,,,<11,<11,U,
07/10/21,Los Angeles,,,,,,,,,,,,,,<11,<11,U,
07/17/21,Los Angeles,,,,,,,,,,,,,,11,<11,U,
07/24/21,Los Angeles,,,,,,,,,,,,,,13,<11,U,
07/31/21,Los Angeles,,,,,,,,,,,,,,16,<11,U,
08/07/21,Los Angeles,,,,,,,,,,,,,,33,17,U,
08/14/21,Los Angeles,,,,,,,,,,,,,,25,17,U,
08/21/21,Los Angeles,,,,,,,,,,,,,,46,29,U,
08/28/21,Los Angeles,,,,,,,,,,,,,,56,20,U,
09/04/21,Los Angeles,,,,,,,,,,,,,,23,12,U,
09/11/21,Los Angeles,,,,,,,,,,,,,,17,12,U,
09/18/21,Los Angeles,,,,,,,,,,,,,,12,<11,U,
09/25/21,Los Angeles,,,,,,,,,,,,,,<11,<11,U,
10/02/21,Los Angeles,,,,,,,,,,,,,,<11,<11,U,
10/09/21,Los Angeles,,,,,,,,,,,,,,<11,<11,U,
10/16/21,Los Angeles,,,,,,,,,,,,,,<11,<11,U,
10/23/21,Los Angeles,,,,,,,,,,,,,,<11,<11,U,
10/30/21,Los Angeles,,,,,,,,,,,,,,<11,<11,U,
11/06/21,Los Angeles,,,,,,,,,,,,,,U,<11,U,
11/13/21,Los Angeles,,,,,,,,,,,,,,U,<11,U,
11/20/21,Los Angeles,,,,,,,,,,,,,,U,<11,U,
11/27/21,Los Angeles,,,,,,,,,,,,,,U,11,U,
12/04/21,Los Angeles,,,,,,,,,,,,,,U,<11,U,
12/11/21,Los Angeles,,,,,,,,,,,,,,U,<11,U,
12/18/21,Los Angeles,,,,,,,,,,,,,,<11,<11,U,
12/25/21,Los Angeles,,,,,,,,,,,,,,U,17,U,
01/01/22,Los Angeles,,,,,,,,,,,,,,U,67,U,
01/08/22,Los Angeles,,,,,,,,,,,,,,U,82,U,
01/15/22,Los Angeles,,,,,,,,,,,,,,U,98,U,
01/22/22,Los Angeles,,,,,,,,,,,,,,U,77,U,
01/29/22,Los Angeles,,,,,,,,,,,,,,U,34,U,
02/05/22,Los Angeles,,,,,,,,,,,,,,U,23,U,
02/12/22,Los Angeles,,,,,,,,,,,,,,U,13,U,
02/19/22,Los Angeles,,,,,,,,,,,,,,U,<11,U,
02/26/22,Los Angeles,,,,,,,,,,,,,,U,<11,U,
03/05/22,Los Angeles,,,,,,,,,,,,,,U,<11,U,